Lists of domain and IPs blocked in Russia in geosite and geoip form,https://github.com/L11R/antizapret-sing-box-geo
Domain list community,https://github.com/v2fly/domain-list-community
Xray panel,https://github.com/MHSanaei/3x-ui
SeedSigner,https://github.com/SeedSigner/seedsigner
V2Ray subscription links,https://github.com/yebekhe/TelegramV2rayCollector
shadowsocks windows,https://github.com/shadowsocks/shadowsocks-windows
v2ray plugin,https://github.com/shadowsocks/v2ray-plugin
Shadowsocks in Go,https://github.com/shadowsocks/go-shadowsocks2
revanced-extended,https://github.com/NoName-exe/revanced-extended/
yt-dlp,https://github.com/yt-dlp/yt-dlp
Xray-core,https://github.com/XTLS/Xray-core
shadowsocks-rust,https://github.com/shadowsocks/shadowsocks-rust
Hack Liberty Resources,https://git.hackliberty.org/hackliberty.org/Hack-Liberty-Resources
Xray-examples config,https://github.com/chika0801/Xray-examples
